patient_id,patient_first_name,patient_last_name,patient_sex,patient_phone_formatted,current_age,total_encounters,first_encounter_date,most_recent_encounter_date,total_diagnoses,unique_diagnosis_codes,has_chronic_condition,most_common_encounter_type,emergency_visit_count,created_at
P001,John,Smith,M,212-555-1234,80,3,2024-01-15,2024-05-10,3,3,1,Follow-up,0,2025-10-15 17:17:22
P002,Mary,Johnson,F,310-555-9876,73,2,2024-01-22,2024-01-22,4,2,1,Office Visit,0,2025-10-15 17:17:22
P003,Robert,Williams,M,773-555-1111,86,4,2024-02-10,2024-04-12,6,3,1,Emergency,2,2025-10-15 17:17:22
P004,Patricia,Brown,F,415-555-2222,65,1,2024-01-30,2024-01-30,1,1,0,Office Visit,0,2025-10-15 17:17:22
P005,Michael,Davis,M,213-555-4567,70,1,2024-02-28,2024-02-28,1,1,0,Follow-up,0,2025-10-15 17:17:22
P006,Linda,Miller,F,617-555-3333,77,2,2024-03-05,2024-03-05,4,2,0,Office Visit,0,2025-10-15 17:17:22
P007,William,Wilson,M,713-555-9999,82,2,2024-01-18,2024-03-22,2,2,1,Office Visit,0,2025-10-15 17:17:22
P008,Barbara,Moore,F,312-555-8888,67,1,2024-02-22,2024-02-22,1,1,0,Office Visit,0,2025-10-15 17:17:22
P009,Richard,Taylor,M,,75,1,2024-03-10,2024-03-10,1,1,1,Follow-up,0,2025-10-15 17:17:22
P010,Susan,Anderson,F,214-555-7777,62,1,2024-01-25,2024-01-25,1,1,0,Office Visit,0,2025-10-15 17:17:22
P011,James,Thomas,M,510-555-6666,85,2,2024-02-14,2024-02-14,4,2,1,Office Visit,0,2025-10-15 17:17:22
P012,Jessica,Jackson,F,646-555-4444,67,1,2024-03-01,2024-03-01,1,1,1,Office Visit,0,2025-10-15 17:17:22
P013,Charles,White,M,323-555-5555,79,1,2024-01-20,2024-01-20,1,1,1,Office Visit,0,2025-10-15 17:17:22
P014,Dorothy,Harris,F,857-555-2222,71,1,2024-02-08,2024-02-08,1,1,0,Office Visit,0,2025-10-15 17:17:22
P015,Joseph,Martin,M,281-555-3333,63,1,2024-03-15,2024-03-15,1,1,0,Office Visit,0,2025-10-15 17:17:22
